{
    "Random Forest": 0.9045045045045045,
    "Gradient Boosting": 0.9207207207207209,
    "Cross Gradient Booster": 0.921021021021021
}