{
    "3 seconds": {
        "Gaussian Naive Bayes": [
            0.50651,
            0.51151,
            0.51518,
            0.51652,
            0.51572
        ],
        "Bernoulli Naive Bayes": [
            0.08609,
            0.09109,
            0.09009,
            0.09484,
            0.0967
        ],
        "Multinomial Naive Bayes": [
            0.48248,
            0.502,
            0.50384,
            0.51176,
            0.51912
        ],
        "Support Vector Machine": [
            0.75676,
            0.74825,
            0.74775,
            0.73524,
            0.73233
        ],
        "K-Nearest Neighbors": [
            0.84585,
            0.81381,
            0.80414,
            0.78103,
            0.76737
        ],
        "Decision Trees": [
            0.66967,
            0.63363,
            0.65966,
            0.62663,
            0.61241
        ],
        "Random Forest": [
            0.81682,
            0.80931,
            0.80814,
            0.8048,
            0.7952
        ],
        "Gradient Boosting": [
            0.82983,
            0.83133,
            0.82616,
            0.81782,
            0.81141
        ],
        "Cross Gradient Booster": [
            0.92593,
            0.91692,
            0.90958,
            0.8959,
            0.88308
        ],
        "Cross Gradient Booster (Random Forest)": [
            0.73173,
            0.73874,
            0.74041,
            0.73924,
            0.74955
        ]
    },
    "30 seconds": {
        "Gaussian Naive Bayes": [
            0.56,
            0.565,
            0.56333,
            0.545,
            0.536
        ],
        "Bernoulli Naive Bayes": [
            0.05,
            0.07,
            0.08,
            0.09,
            0.092
        ],
        "Multinomial Naive Bayes": [
            0.53,
            0.54,
            0.51,
            0.505,
            0.484
        ],
        "Support Vector Machine": [
            0.76,
            0.73,
            0.71333,
            0.6975,
            0.622
        ],
        "K-Nearest Neighbors": [
            0.67,
            0.65,
            0.61667,
            0.6175,
            0.552
        ],
        "Decision Trees": [
            0.58,
            0.545,
            0.59,
            0.5575,
            0.586
        ],
        "Random Forest": [
            0.85,
            0.805,
            0.78,
            0.765,
            0.744
        ],
        "Gradient Boosting": [
            0.85,
            0.81,
            0.76333,
            0.755,
            0.726
        ],
        "Cross Gradient Booster": [
            0.86,
            0.835,
            0.78333,
            0.775,
            0.744
        ],
        "Cross Gradient Booster (Random Forest)": [
            0.79,
            0.76,
            0.71,
            0.7025,
            0.64
        ]
    }
}