{
    "3 seconds": {
        "Optimized SVMClassifier": {
            "accuracy": 0.9009,
            "precision": 0.90134,
            "recall": 0.9009,
            "f1_score": 0.90078,
            "roc_auc": 0.99367,
            "accuracy_gap": 0.09597,
            "f1_gap": 0.09609
        }
    }
}