{
    "3 seconds": {
        "Optimized SVMClassifier": {
            "accuracy": 0.8999,
            "precision": 0.89997,
            "recall": 0.8999,
            "f1_score": 0.89971,
            "roc_auc": 0.99357,
            "accuracy_gap": 0.09509,
            "f1_gap": 0.09529
        }
    }
}