{
    "Random Forest (GS+CV)": {
        "accuracy": 0.89489,
        "precision": 0.89852,
        "recall": 0.89489,
        "f1_score": 0.89494,
        "roc_auc": 0.98743,
        "accuracy_gap": 0.10461,
        "f1_gap": 0.10456,
        "temps_train": 156.89249,
        "temps_predict": 0.28232,
        "temps_total": 157.17481,
        "cross_val_scores": [
            0.9019019019019019,
            0.9029029029029029,
            0.8778778778778779,
            0.8948948948948949,
            0.8968968968968969
        ],
        "cross_val_mean": 0.8948948948948949
    }
}