{
    "Gaussian Naive Bayes": {
        "accuracy": 0.37437,
        "precision": 0.39994,
        "recall": 0.37437,
        "f1_score": 0.35955,
        "roc_auc": 0.71035,
        "accuracy_gap": 0.03028,
        "f1_gap": 0.0273
    },
    "Bernoulli Naive Bayes": {
        "accuracy": 0.27528,
        "precision": 0.23913,
        "recall": 0.27528,
        "f1_score": 0.22638,
        "roc_auc": 0.68226,
        "accuracy_gap": 0.01576,
        "f1_gap": 0.02514
    },
    "Multinomial Naive Bayes": {
        "accuracy": 0.3023,
        "precision": 0.32703,
        "recall": 0.3023,
        "f1_score": 0.26735,
        "roc_auc": 0.71114,
        "accuracy_gap": 0.03729,
        "f1_gap": 0.04732
    },
    "K-Nearest Neighbors": {
        "accuracy": 0.34835,
        "precision": 0.54572,
        "recall": 0.34835,
        "f1_score": 0.3002,
        "roc_auc": 0.85022,
        "accuracy_gap": 0.06481,
        "f1_gap": 0.07514
    },
    "Decision Trees": {
        "accuracy": 0.57958,
        "precision": 0.58076,
        "recall": 0.57958,
        "f1_score": 0.57885,
        "roc_auc": 0.76643,
        "accuracy_gap": 0.41992,
        "f1_gap": 0.42065
    },
    "Random Forest": {
        "accuracy": 0.86887,
        "precision": 0.87488,
        "recall": 0.86887,
        "f1_score": 0.86962,
        "roc_auc": 0.97821,
        "accuracy_gap": 0.12838,
        "f1_gap": 0.12763
    }
}