{
    "Random Forest (GS+CV+PCA)": {
        "accuracy": 0.8999,
        "precision": 0.90203,
        "recall": 0.8999,
        "f1_score": 0.89985,
        "roc_auc": 0.99205,
        "accuracy_gap": 0.0996,
        "f1_gap": 0.09965,
        "temps_train": 38.46315,
        "temps_predict": 0.12548,
        "temps_total": 38.58864,
        "cross_val_scores": [
            0.9159159159159159,
            0.9119119119119119,
            0.8968968968968969,
            0.8958958958958959,
            0.913913913913914
        ],
        "cross_val_mean": 0.9069069069069069,
        "n_components_pca": 150
    }
}