{
    "Gaussian Naive Bayes": {
        "accuracy": 0.1972,
        "precision": 0.26803,
        "recall": 0.1972,
        "f1_score": 0.15495,
        "roc_auc": 0.68356,
        "accuracy_gap": 0.0015,
        "f1_gap": 0.00152
    },
    "Bernoulli Naive Bayes": {
        "accuracy": 0.11111,
        "precision": 0.14365,
        "recall": 0.11111,
        "f1_score": 0.05644,
        "roc_auc": 0.62473,
        "accuracy_gap": 0.01677,
        "f1_gap": 0.02217
    },
    "Multinomial Naive Bayes": {
        "accuracy": 0.13814,
        "precision": 0.21283,
        "recall": 0.13814,
        "f1_score": 0.0953,
        "roc_auc": 0.63639,
        "accuracy_gap": 0.03053,
        "f1_gap": 0.02214
    },
    "K-Nearest Neighbors": {
        "accuracy": 0.33033,
        "precision": 0.37061,
        "recall": 0.33033,
        "f1_score": 0.29919,
        "roc_auc": 0.77758,
        "accuracy_gap": 0.06431,
        "f1_gap": 0.06931
    },
    "Decision Trees": {
        "accuracy": 0.54855,
        "precision": 0.55033,
        "recall": 0.54855,
        "f1_score": 0.54886,
        "roc_auc": 0.74969,
        "accuracy_gap": 0.45095,
        "f1_gap": 0.45064
    },
    "Random Forest": {
        "accuracy": 0.58859,
        "precision": 0.62648,
        "recall": 0.58859,
        "f1_score": 0.58441,
        "roc_auc": 0.91919,
        "accuracy_gap": 0.33183,
        "f1_gap": 0.33737
    },
    "Cross Gradient Booster (Random Forest)": {
        "accuracy": 0.63163,
        "precision": 0.6399,
        "recall": 0.63163,
        "f1_score": 0.62993,
        "roc_auc": 0.92241,
        "accuracy_gap": 0.26251,
        "f1_gap": 0.26395
    }
}