{
    "Gaussian Naive Bayes": {
        "accuracy": 0.32733,
        "precision": 0.38603,
        "recall": 0.32733,
        "f1_score": 0.30339,
        "roc_auc": 0.69282,
        "accuracy_gap": 0.01626,
        "f1_gap": 0.02133
    },
    "Bernoulli Naive Bayes": {
        "accuracy": 0.32633,
        "precision": 0.28379,
        "recall": 0.32633,
        "f1_score": 0.28799,
        "roc_auc": 0.73601,
        "accuracy_gap": -0.00151,
        "f1_gap": -0.00019
    },
    "Multinomial Naive Bayes": {
        "accuracy": 0.2993,
        "precision": 0.2817,
        "recall": 0.2993,
        "f1_score": 0.26962,
        "roc_auc": 0.73326,
        "accuracy_gap": 0.02227,
        "f1_gap": 0.02716
    },
    "K-Nearest Neighbors": {
        "accuracy": 0.34935,
        "precision": 0.48477,
        "recall": 0.34935,
        "f1_score": 0.33991,
        "roc_auc": 0.80852,
        "accuracy_gap": 0.10285,
        "f1_gap": 0.11115
    },
    "Decision Trees": {
        "accuracy": 0.55956,
        "precision": 0.55928,
        "recall": 0.55956,
        "f1_score": 0.5589,
        "roc_auc": 0.75564,
        "accuracy_gap": 0.43994,
        "f1_gap": 0.4406
    },
    "Random Forest": {
        "accuracy": 0.73073,
        "precision": 0.75071,
        "recall": 0.73073,
        "f1_score": 0.73479,
        "roc_auc": 0.95622,
        "accuracy_gap": 0.23423,
        "f1_gap": 0.23065
    },
    "Cross Gradient Booster (Random Forest)": {
        "accuracy": 0.72873,
        "precision": 0.73149,
        "recall": 0.72873,
        "f1_score": 0.72672,
        "roc_auc": 0.94892,
        "accuracy_gap": 0.19544,
        "f1_gap": 0.19691
    }
}