{
    "Random Forest (GS+CV+PCA)": {
        "accuracy": 0.9049,
        "precision": 0.90597,
        "recall": 0.9049,
        "f1_score": 0.90483,
        "roc_auc": 0.99189,
        "accuracy_gap": 0.0946,
        "f1_gap": 0.09467,
        "temps_train": 30.04294,
        "temps_predict": 0.14599,
        "temps_total": 30.18893,
        "cross_val_scores": [
            0.9179179179179179,
            0.9229229229229229,
            0.8978978978978979,
            0.9059059059059059,
            0.9159159159159159
        ],
        "cross_val_mean": 0.9121121121121121,
        "n_components_pca": 100
    }
}