{
    "Random Forest CV sense augmentaci\u00f3": {
        "cross_val_scores": [
            0.505,
            0.445,
            0.475,
            0.505,
            0.4723618090452261
        ],
        "cross_val_mean": 0.4804723618090452
    },
    "Random Forest CV amb augmentaci\u00f3": {
        "cross_val_scores": [
            0.904881101376721,
            0.904881101376721,
            0.9011264080100125,
            0.8873591989987485,
            0.9173967459324155
        ],
        "cross_val_mean": 0.9031289111389238
    },
    "Random Forest Normal": {
        "accuracy": 0.56,
        "precision": 0.55288,
        "recall": 0.56,
        "f1_score": 0.54931,
        "roc_auc": 0.88367,
        "accuracy_gap": 0.439,
        "f1_gap": 0.44969,
        "temps_train": 38.33786,
        "temps_predict": 0.09731,
        "temps_total": 38.43518
    }
}