{
    "Logistic Regression": {
        "best_params": {
            "C": 0.1,
            "solver": "lbfgs"
        },
        "grid_search_best_score": 0.42835175879396986,
        "cross_val_scores": [
            0.435,
            0.49,
            0.455,
            0.41,
            0.35175879396984927
        ],
        "cross_val_mean": 0.42835175879396986
    },
    "Random Forest": {
        "best_params": {
            "max_depth": 10,
            "min_samples_split": 2,
            "n_estimators": 300
        },
        "grid_search_best_score": 0.45143718592964827,
        "cross_val_scores": [
            0.385,
            0.54,
            0.455,
            0.455,
            0.4020100502512563
        ],
        "cross_val_mean": 0.4474020100502513
    }
}