{
    "Gaussian Naive Bayes": {
        "accuracy": 0.32833,
        "precision": 0.38993,
        "recall": 0.32833,
        "f1_score": 0.30497,
        "roc_auc": 0.69262,
        "accuracy_gap": 0.01326,
        "f1_gap": 0.01734
    },
    "Bernoulli Naive Bayes": {
        "accuracy": 0.32633,
        "precision": 0.28414,
        "recall": 0.32633,
        "f1_score": 0.28806,
        "roc_auc": 0.73615,
        "accuracy_gap": -0.0005,
        "f1_gap": 0.00045
    },
    "Multinomial Naive Bayes": {
        "accuracy": 0.2983,
        "precision": 0.27952,
        "recall": 0.2983,
        "f1_score": 0.26862,
        "roc_auc": 0.73344,
        "accuracy_gap": 0.02277,
        "f1_gap": 0.0277
    },
    "K-Nearest Neighbors": {
        "accuracy": 0.35235,
        "precision": 0.49051,
        "recall": 0.35235,
        "f1_score": 0.34269,
        "roc_auc": 0.81207,
        "accuracy_gap": 0.10135,
        "f1_gap": 0.11057
    },
    "Decision Trees": {
        "accuracy": 0.54955,
        "precision": 0.55181,
        "recall": 0.54955,
        "f1_score": 0.54969,
        "roc_auc": 0.7497,
        "accuracy_gap": 0.44995,
        "f1_gap": 0.44981
    },
    "Random Forest": {
        "accuracy": 0.73874,
        "precision": 0.75812,
        "recall": 0.73874,
        "f1_score": 0.74269,
        "roc_auc": 0.95652,
        "accuracy_gap": 0.22848,
        "f1_gap": 0.22491
    },
    "Cross Gradient Booster (Random Forest)": {
        "accuracy": 0.71171,
        "precision": 0.71609,
        "recall": 0.71171,
        "f1_score": 0.71103,
        "roc_auc": 0.94575,
        "accuracy_gap": 0.20946,
        "f1_gap": 0.20972
    }
}