{
    "Random Forest (GS+CV+PCA)": {
        "accuracy": 0.8979,
        "precision": 0.899,
        "recall": 0.8979,
        "f1_score": 0.89757,
        "roc_auc": 0.99058,
        "accuracy_gap": 0.1016,
        "f1_gap": 0.10193,
        "temps_train": 33.44185,
        "temps_predict": 0.14134,
        "temps_total": 33.58319,
        "cross_val_scores": [
            0.908908908908909,
            0.9129129129129129,
            0.8978978978978979,
            0.9099099099099099,
            0.91991991991992
        ],
        "cross_val_mean": 0.9099099099099099,
        "n_components_pca": 50
    }
}