{
    "3 seconds": {
        "Optimized XGBClassifier": {
            "accuracy": 0.9024,
            "precision": 0.90252,
            "recall": 0.9024,
            "f1_score": 0.90229,
            "roc_auc": 0.99353,
            "accuracy_gap": 0.09685,
            "f1_gap": 0.09696
        }
    }
}