{
    "3 seconds": {
        "Optimized XGBClassifier": {
            "accuracy": 0.9029,
            "precision": 0.90305,
            "recall": 0.9029,
            "f1_score": 0.90277,
            "roc_auc": 0.99394,
            "accuracy_gap": 0.09635,
            "f1_gap": 0.09648
        }
    }
}