{
    "3 seconds": {
        "Optimized RF": {
            "accuracy": 0.88739,
            "precision": 0.88784,
            "recall": 0.88739,
            "f1_score": 0.88704,
            "roc_auc": 0.99124,
            "accuracy_gap": 0.11186,
            "f1_gap": 0.11221
        }
    }
}