{
    "3 seconds": {
        "Optimized XGBClassifier": {
            "accuracy": 0.9024,
            "precision": 0.90231,
            "recall": 0.9024,
            "f1_score": 0.90216,
            "roc_auc": 0.99368,
            "accuracy_gap": 0.09685,
            "f1_gap": 0.09709
        }
    }
}