{
    "3 seconds": {
        "Optimized XGBClassifier": {
            "accuracy": 0.8984,
            "precision": 0.89836,
            "recall": 0.8984,
            "f1_score": 0.89818,
            "roc_auc": 0.99334,
            "accuracy_gap": 0.10085,
            "f1_gap": 0.10107
        }
    }
}