{
    "3 seconds": {
        "Optimized KNN": {
            "accuracy": 0.91191,
            "precision": 0.91236,
            "recall": 0.91191,
            "f1_score": 0.91171,
            "roc_auc": 0.95066,
            "accuracy_gap": 0.08734,
            "f1_gap": 0.08754
        }
    }
}