{
    "3 seconds": {
        "Optimized KNN": {
            "accuracy": 0.94394,
            "precision": 0.94468,
            "recall": 0.94394,
            "f1_score": 0.94376,
            "roc_auc": 0.96851,
            "accuracy_gap": 0.05531,
            "f1_gap": 0.05549
        }
    }
}