{
    "3 seconds": {
        "Random Forest": {
            "accuracy": 0.8018,
            "precision": 0.80188,
            "recall": 0.8018,
            "f1_score": 0.80041,
            "roc_auc": 0.97983,
            "accuracy_gap": 0.13776,
            "f1_gap": 0.13923
        }
    }
}