{
    "3 seconds": {
        "Optimized KNN": {
            "accuracy": 0.77377,
            "precision": 0.78102,
            "recall": 0.77377,
            "f1_score": 0.77403,
            "roc_auc": 0.97456,
            "accuracy_gap": 0.0438,
            "f1_gap": 0.04352
        }
    }
}